"2022-06-17";"22:39:43";"WinControl (rev 1142) report file"
"Datetime";"Time (rel/ms)";"Date";"Time";"Type";"No.";"1:F";"1:Fm'";"1:PAR";"1:Y (II)";"1:ETR"
"";"0";"";"";"D";"";"Device Nr: #1, DIVING-PAM ";""
"2022-06-17 19:24:15.998";"0";"2022-06-17";"19:24:15";"C";"";"MI=1;SI=8;SW=0.8;AI=5;AW=0:30;AF=1.00;G=8;D=2;EF=0.84;FO=44;CW=0:30;CI=1;LW=0:10;LI=3;ID=0:40;IW=0:20;DO0.0;DG1.00;LO=0;LG=1.00 ";""
"2022-06-17 19:24:15.999";"1";"2022-06-17";"19:24:15";"SCHS";"";"Chart start ";""
"2022-06-17 19:24:16.000";"2";"2022-06-17";"19:24:16";"F";"2";"0";"0";"0";"-";"-"
"2022-06-17 19:26:56.998";"161000";"2022-06-17";"19:26:56";"C";"";"MI=1;SI=8;SW=0.8;AI=5;AW=0:30;AF=1.00;G=8;D=2;EF=0.84;FO=5;CW=0:30;CI=1;LW=0:10;LI=3;ID=0:40;IW=0:20;DO0.0;DG1.00;LO=0;LG=1.00 ";""
"2022-06-17 19:26:57.000";"161002";"2022-06-17";"19:26:57";"F";"4";"2";"9";"0";"-";"-"
"2022-06-17 19:27:16.000";"180002";"2022-06-17";"19:27:16";"F";"5";"4";"10";"0";"-";"-"
"2022-06-17 19:34:46.998";"631000";"2022-06-17";"19:34:46";"C";"";"MI=8;SI=8;SW=0.8;AI=5;AW=0:30;AF=1.00;G=8;D=2;EF=0.84;FO=66;CW=0:30;CI=1;LW=0:10;LI=3;ID=0:40;IW=0:20;DO0.0;DG1.00;LO=0;LG=1.00 ";""
"2022-06-17 19:34:47.000";"631002";"2022-06-17";"19:34:47";"F";"7";"0";"6";"0";"-";"-"
"2022-06-17 19:34:52.000";"636002";"2022-06-17";"19:34:52";"F";"8";"0";"10";"0";"-";"-"
"2022-06-17 19:34:59.000";"643002";"2022-06-17";"19:34:59";"F";"9";"346";"409";"0";"0.154";"0.0"
"2022-06-17 19:35:04.000";"648002";"2022-06-17";"19:35:04";"F";"10";"365";"422";"0";"0.135";"0.0"
"2022-06-17 19:35:10.000";"654002";"2022-06-17";"19:35:10";"F";"11";"7";"15";"0";"-";"-"
"2022-06-17 19:35:18.000";"662002";"2022-06-17";"19:35:18";"F";"12";"40";"49";"0";"-";"-"
"2022-06-17 19:35:32.000";"676002";"2022-06-17";"19:35:32";"F";"13";"130";"165";"0";"0.212";"0.0"
"2022-06-17 19:35:48.000";"692002";"2022-06-17";"19:35:48";"F";"14";"129";"164";"0";"0.213";"0.0"
"2022-06-17 19:36:04.000";"708002";"2022-06-17";"19:36:04";"F";"15";"28";"35";"0";"-";"-"
"2022-06-17 19:36:15.000";"719002";"2022-06-17";"19:36:15";"F";"16";"55";"59";"0";"0.068";"0.0"
"2022-06-17 19:43:16.998";"1141000";"2022-06-17";"19:43:16";"C";"";"MI=8;SI=8;SW=0.8;AI=5;AW=0:30;AF=1.00;G=6;D=2;EF=0.84;FO=66;CW=0:30;CI=1;LW=0:10;LI=3;ID=0:40;IW=0:20;DO0.0;DG1.00;LO=0;LG=1.00 ";""
"2022-06-17 19:43:17.000";"1141002";"2022-06-17";"19:43:17";"F";"18";"0";"0";"0";"-";"-"
"2022-06-17 19:43:45.998";"1170000";"2022-06-17";"19:43:45";"C";"";"MI=8;SI=8;SW=0.8;AI=5;AW=0:30;AF=1.00;G=6;D=2;EF=0.84;FO=47;CW=0:30;CI=1;LW=0:10;LI=3;ID=0:40;IW=0:20;DO0.0;DG1.00;LO=0;LG=1.00 ";""
"2022-06-17 19:43:46.000";"1170002";"2022-06-17";"19:43:46";"F";"20";"1";"9";"0";"-";"-"
"2022-06-17 19:43:52.000";"1176002";"2022-06-17";"19:43:52";"F";"21";"1";"9";"0";"-";"-"
"2022-06-17 19:43:54.000";"1178002";"2022-06-17";"19:43:54";"F";"22";"2";"10";"0";"-";"-"
"2022-06-17 19:43:57.000";"1181002";"2022-06-17";"19:43:57";"F";"23";"5";"9";"0";"-";"-"
"2022-06-17 19:44:00.000";"1184002";"2022-06-17";"19:44:00";"F";"24";"3";"9";"0";"-";"-"
"2022-06-17 19:44:44.000";"1228002";"2022-06-17";"19:44:44";"F";"25";"34";"41";"0";"-";"-"
"2022-06-17 19:45:46.998";"1291000";"2022-06-17";"19:45:46";"C";"";"MI=8;SI=8;SW=0.8;AI=5;AW=0:30;AF=1.00;G=8;D=2;EF=0.84;FO=47;CW=0:30;CI=1;LW=0:10;LI=3;ID=0:40;IW=0:20;DO0.0;DG1.00;LO=0;LG=1.00 ";""
"2022-06-17 19:45:47.000";"1291002";"2022-06-17";"19:45:47";"F";"27";"14";"28";"0";"-";"-"
"2022-06-17 19:45:53.000";"1297002";"2022-06-17";"19:45:53";"F";"28";"23";"25";"0";"-";"-"
"2022-06-17 19:45:55.000";"1299002";"2022-06-17";"19:45:55";"F";"29";"20";"25";"0";"-";"-"
"2022-06-17 19:46:14.000";"1318002";"2022-06-17";"19:46:14";"F";"30";"66";"77";"0";"0.143";"0.0"
"2022-06-17 19:46:38.998";"1343000";"2022-06-17";"19:46:38";"C";"";"MI=8;SI=8;SW=0.8;AI=5;AW=0:30;AF=1.00;G=8;D=2;EF=0.84;FO=61;CW=0:30;CI=1;LW=0:10;LI=3;ID=0:40;IW=0:20;DO0.0;DG1.00;LO=0;LG=1.00 ";""
"2022-06-17 19:46:39.000";"1343002";"2022-06-17";"19:46:39";"F";"32";"51";"62";"0";"0.177";"0.0"
"2022-06-17 19:46:46.000";"1350002";"2022-06-17";"19:46:46";"F";"33";"35";"46";"0";"-";"-"
"2022-06-17 19:46:53.000";"1357002";"2022-06-17";"19:46:53";"F";"34";"79";"99";"0";"0.202";"0.0"
"2022-06-17 19:47:05.000";"1369002";"2022-06-17";"19:47:05";"F";"35";"34";"45";"0";"-";"-"
"2022-06-17 19:47:16.000";"1380002";"2022-06-17";"19:47:16";"F";"36";"64";"80";"0";"0.200";"0.0"
"2022-06-17 19:47:21.000";"1385002";"2022-06-17";"19:47:21";"F";"37";"28";"40";"0";"-";"-"
"2022-06-17 19:47:27.000";"1391002";"2022-06-17";"19:47:27";"F";"38";"15";"21";"0";"-";"-"
"2022-06-17 19:47:32.000";"1396002";"2022-06-17";"19:47:32";"F";"39";"41";"54";"0";"0.241";"0.0"
"2022-06-17 19:47:39.000";"1403002";"2022-06-17";"19:47:39";"F";"40";"296";"349";"0";"0.152";"0.0"
"2022-06-17 19:47:48.000";"1412002";"2022-06-17";"19:47:48";"F";"41";"106";"141";"0";"0.248";"0.0"
"2022-06-17 19:47:59.000";"1423002";"2022-06-17";"19:47:59";"F";"42";"131";"160";"0";"0.181";"0.0"
"2022-06-17 19:48:04.000";"1428002";"2022-06-17";"19:48:04";"F";"43";"145";"175";"0";"0.171";"0.0"
"2022-06-17 19:48:15.000";"1439002";"2022-06-17";"19:48:15";"F";"44";"5";"15";"0";"-";"-"
"2022-06-17 19:48:48.000";"1472002";"2022-06-17";"19:48:48";"F";"45";"55";"67";"0";"0.179";"0.0"
"2022-06-17 19:48:54.000";"1478002";"2022-06-17";"19:48:54";"F";"46";"98";"119";"0";"0.176";"0.0"
"2022-06-17 19:49:01.000";"1485002";"2022-06-17";"19:49:01";"F";"47";"22";"35";"0";"-";"-"
"2022-06-17 19:49:08.000";"1492002";"2022-06-17";"19:49:08";"F";"48";"109";"128";"0";"0.148";"0.0"
"2022-06-17 19:49:15.000";"1499002";"2022-06-17";"19:49:15";"F";"49";"84";"100";"0";"0.160";"0.0"
"2022-06-17 19:49:22.000";"1506002";"2022-06-17";"19:49:22";"F";"50";"171";"174";"0";"0.017";"0.0"
"2022-06-17 19:49:29.000";"1513002";"2022-06-17";"19:49:29";"F";"51";"50";"59";"0";"0.153";"0.0"
"2022-06-17 19:49:36.000";"1520002";"2022-06-17";"19:49:36";"F";"52";"102";"110";"0";"0.073";"0.0"
"2022-06-17 19:49:43.000";"1527002";"2022-06-17";"19:49:43";"F";"53";"469";"540";"0";"0.131";"0.0"
"2022-06-17 19:49:49.000";"1533002";"2022-06-17";"19:49:49";"F";"54";"234";"268";"0";"0.127";"0.0"
"2022-06-17 19:49:58.000";"1542002";"2022-06-17";"19:49:58";"F";"55";"111";"132";"0";"0.159";"0.0"
"2022-06-17 19:50:05.000";"1549002";"2022-06-17";"19:50:05";"F";"56";"122";"152";"0";"0.197";"0.0"
"2022-06-17 19:50:36.000";"1580002";"2022-06-17";"19:50:36";"F";"57";"204";"243";"0";"0.160";"0.0"
"2022-06-17 19:50:40.000";"1584002";"2022-06-17";"19:50:40";"F";"58";"217";"272";"0";"0.202";"0.0"
"2022-06-17 19:50:50.000";"1594002";"2022-06-17";"19:50:50";"F";"59";"244";"275";"0";"0.113";"0.0"
"2022-06-17 19:51:02.000";"1606002";"2022-06-17";"19:51:02";"F";"60";"64";"78";"0";"0.179";"0.0"
"2022-06-17 19:51:16.000";"1620002";"2022-06-17";"19:51:16";"F";"61";"111";"140";"0";"0.207";"0.0"
"2022-06-17 19:51:33.000";"1637002";"2022-06-17";"19:51:33";"F";"62";"91";"112";"0";"0.188";"0.0"
"2022-06-17 19:51:44.000";"1648002";"2022-06-17";"19:51:44";"F";"63";"28";"36";"0";"-";"-"
"2022-06-17 19:51:50.000";"1654002";"2022-06-17";"19:51:50";"F";"64";"47";"52";"0";"0.096";"0.0"
"2022-06-17 19:52:01.000";"1665002";"2022-06-17";"19:52:01";"F";"65";"80";"89";"0";"0.101";"0.0"
"2022-06-17 19:52:07.000";"1671002";"2022-06-17";"19:52:07";"F";"66";"53";"70";"0";"0.243";"0.0"
"2022-06-17 19:52:17.000";"1681002";"2022-06-17";"19:52:17";"F";"67";"109";"130";"0";"0.162";"0.0"
"2022-06-17 19:52:24.000";"1688002";"2022-06-17";"19:52:24";"F";"68";"39";"50";"0";"0.220";"0.0"
"2022-06-17 19:52:33.000";"1697002";"2022-06-17";"19:52:33";"F";"69";"25";"34";"0";"-";"-"
"2022-06-17 19:52:40.000";"1704002";"2022-06-17";"19:52:40";"F";"70";"47";"60";"0";"0.217";"0.0"
"2022-06-17 19:52:53.000";"1717002";"2022-06-17";"19:52:53";"F";"71";"38";"56";"0";"0.321";"0.0"
"2022-06-17 19:53:00.000";"1724002";"2022-06-17";"19:53:00";"F";"72";"84";"96";"0";"0.125";"0.0"
"2022-06-17 19:54:44.998";"1829000";"2022-06-17";"19:54:44";"C";"";"MI=8;SI=8;SW=0.8;AI=5;AW=0:30;AF=1.00;G=12;D=2;EF=0.84;FO=134;CW=0:30;CI=1;LW=0:10;LI=3;ID=0:40;IW=0:20;DO0.0;DG1.00;LO=0;LG=1.00 ";""
"2022-06-17 19:54:45.000";"1829002";"2022-06-17";"19:54:45";"F";"74";"0";"6";"0";"-";"-"
"2022-06-17 19:54:53.000";"1837002";"2022-06-17";"19:54:53";"F";"75";"77";"95";"0";"0.189";"0.0"
"2022-06-17 19:54:59.000";"1843002";"2022-06-17";"19:54:59";"F";"76";"253";"280";"0";"0.096";"0.0"
"2022-06-17 19:55:12.000";"1856002";"2022-06-17";"19:55:12";"F";"77";"281";"340";"0";"0.174";"0.0"
"2022-06-17 19:55:16.000";"1860002";"2022-06-17";"19:55:16";"F";"78";"463";"522";"0";"0.113";"0.0"
"2022-06-17 19:55:31.000";"1875002";"2022-06-17";"19:55:31";"F";"79";"19";"40";"0";"-";"-"
"2022-06-17 19:55:38.000";"1882002";"2022-06-17";"19:55:38";"F";"80";"76";"93";"0";"0.183";"0.0"
"2022-06-17 19:55:47.000";"1891002";"2022-06-17";"19:55:47";"F";"81";"64";"84";"0";"0.238";"0.0"
"2022-06-17 19:55:53.000";"1897002";"2022-06-17";"19:55:53";"F";"82";"75";"83";"0";"0.096";"0.0"
"2022-06-17 19:56:02.000";"1906002";"2022-06-17";"19:56:02";"F";"83";"264";"314";"0";"0.159";"0.0"
"2022-06-17 19:56:07.000";"1911002";"2022-06-17";"19:56:07";"F";"84";"471";"552";"0";"0.147";"0.0"
"2022-06-17 19:56:16.000";"1920002";"2022-06-17";"19:56:16";"F";"85";"426";"468";"0";"0.090";"0.0"
"2022-06-17 19:56:20.000";"1924002";"2022-06-17";"19:56:20";"F";"86";"517";"559";"0";"0.075";"0.0"
"2022-06-17 19:56:30.000";"1934002";"2022-06-17";"19:56:30";"F";"87";"83";"107";"0";"0.224";"0.0"
"2022-06-17 19:56:35.000";"1939002";"2022-06-17";"19:56:35";"F";"88";"137";"183";"0";"0.251";"0.0"
"2022-06-17 19:57:03.000";"1967002";"2022-06-17";"19:57:03";"F";"89";"0";"0";"0";"-";"-"
"2022-06-17 19:57:35.000";"1999002";"2022-06-17";"19:57:35";"F";"90";"424";"663";"0";"0.360";"0.0"
"2022-06-17 19:57:40.000";"2004002";"2022-06-17";"19:57:40";"F";"91";"732";"890";"0";"0.178";"0.0"
"2022-06-17 19:57:47.000";"2011002";"2022-06-17";"19:57:47";"F";"92";"654";"796";"0";"0.178";"0.0"
"2022-06-17 19:57:51.000";"2015002";"2022-06-17";"19:57:51";"F";"93";"613";"785";"0";"0.219";"0.0"
"2022-06-17 19:57:58.000";"2022002";"2022-06-17";"19:57:58";"F";"94";"186";"228";"0";"0.184";"0.0"
"2022-06-17 19:58:02.000";"2026002";"2022-06-17";"19:58:02";"F";"95";"319";"417";"0";"0.235";"0.0"
"2022-06-17 19:58:08.000";"2032002";"2022-06-17";"19:58:08";"F";"96";"238";"303";"0";"0.215";"0.0"
"2022-06-17 19:58:13.000";"2037002";"2022-06-17";"19:58:13";"F";"97";"129";"159";"0";"0.189";"0.0"
"2022-06-17 19:58:20.000";"2044002";"2022-06-17";"19:58:20";"F";"98";"267";"327";"0";"0.183";"0.0"
"2022-06-17 19:58:25.000";"2049002";"2022-06-17";"19:58:25";"F";"99";"346";"421";"0";"0.178";"0.0"
"2022-06-17 19:58:39.000";"2063002";"2022-06-17";"19:58:39";"F";"100";"81";"111";"0";"0.270";"0.0"
"2022-06-17 19:58:44.000";"2068002";"2022-06-17";"19:58:44";"F";"101";"73";"96";"0";"0.240";"0.0"
"2022-06-17 19:58:52.000";"2076002";"2022-06-17";"19:58:52";"F";"102";"243";"306";"0";"0.206";"0.0"
"2022-06-17 19:58:56.000";"2080002";"2022-06-17";"19:58:56";"F";"103";"428";"572";"0";"0.252";"0.0"
"2022-06-17 19:59:05.000";"2089002";"2022-06-17";"19:59:05";"F";"104";"180";"241";"0";"0.253";"0.0"
"2022-06-17 19:59:09.000";"2093002";"2022-06-17";"19:59:09";"F";"105";"162";"226";"0";"0.283";"0.0"
"2022-06-17 20:01:17.998";"2222000";"2022-06-17";"20:01:17";"C";"";"MI=8;SI=8;SW=0.8;AI=5;AW=0:30;AF=1.00;G=10;D=2;EF=0.84;FO=83;CW=0:30;CI=1;LW=0:10;LI=3;ID=0:40;IW=0:20;DO0.0;DG1.00;LO=0;LG=1.00 ";""
"2022-06-17 20:01:18.000";"2222002";"2022-06-17";"20:01:18";"F";"107";"380";"603";"0";"0.370";"0.0"
"2022-06-17 20:01:41.000";"2245002";"2022-06-17";"20:01:41";"F";"108";"534";"764";"0";"0.301";"0.0"
"2022-06-17 20:01:45.000";"2249002";"2022-06-17";"20:01:45";"F";"109";"356";"464";"0";"0.233";"0.0"
"2022-06-17 20:01:49.000";"2253002";"2022-06-17";"20:01:49";"F";"110";"553";"729";"0";"0.241";"0.0"
"2022-06-17 20:01:52.000";"2256002";"2022-06-17";"20:01:52";"F";"111";"420";"611";"0";"0.313";"0.0"
"2022-06-17 20:01:55.000";"2259002";"2022-06-17";"20:01:55";"F";"112";"585";"948";"0";"0.383";"0.0"
"2022-06-17 20:02:05.000";"2269002";"2022-06-17";"20:02:05";"F";"113";"281";"380";"0";"0.261";"0.0"
"2022-06-17 20:02:10.000";"2274002";"2022-06-17";"20:02:10";"F";"114";"460";"591";"0";"0.222";"0.0"
"2022-06-17 20:02:14.000";"2278002";"2022-06-17";"20:02:14";"F";"115";"252";"344";"0";"0.267";"0.0"
"2022-06-17 20:02:21.000";"2285002";"2022-06-17";"20:02:21";"F";"116";"108";"149";"0";"0.275";"0.0"
"2022-06-17 20:02:26.000";"2290002";"2022-06-17";"20:02:26";"F";"117";"55";"74";"0";"0.257";"0.0"
"2022-06-17 20:02:31.000";"2295002";"2022-06-17";"20:02:31";"F";"118";"29";"44";"0";"-";"-"
"2022-06-17 20:02:35.000";"2299002";"2022-06-17";"20:02:35";"F";"119";"542";"733";"0";"0.261";"0.0"
"2022-06-17 20:02:40.000";"2304002";"2022-06-17";"20:02:40";"F";"120";"345";"475";"0";"0.274";"0.0"
"2022-06-17 20:02:48.000";"2312002";"2022-06-17";"20:02:48";"F";"121";"536";"671";"0";"0.201";"0.0"
"2022-06-17 20:02:53.000";"2317002";"2022-06-17";"20:02:53";"F";"122";"494";"632";"0";"0.218";"0.0"
"2022-06-17 20:03:02.000";"2326002";"2022-06-17";"20:03:02";"F";"123";"8";"13";"0";"-";"-"
"2022-06-17 20:06:07.000";"2511002";"2022-06-17";"20:06:07";"F";"124";"487";"1145";"0";"0.575";"0.0"
"2022-06-17 20:06:12.000";"2516002";"2022-06-17";"20:06:12";"F";"125";"659";"1270";"0";"0.481";"0.0"
"2022-06-17 20:06:16.000";"2520002";"2022-06-17";"20:06:16";"F";"126";"693";"1217";"0";"0.431";"0.0"
"2022-06-17 20:06:20.000";"2524002";"2022-06-17";"20:06:20";"F";"127";"680";"1319";"0";"0.484";"0.0"
"2022-06-17 20:06:24.000";"2528002";"2022-06-17";"20:06:24";"F";"128";"404";"874";"0";"0.538";"0.0"
"2022-06-17 20:06:28.000";"2532002";"2022-06-17";"20:06:28";"F";"129";"265";"500";"0";"0.470";"0.0"
"2022-06-17 20:06:34.000";"2538002";"2022-06-17";"20:06:34";"F";"130";"158";"339";"0";"0.534";"0.0"
"2022-06-17 20:06:38.000";"2542002";"2022-06-17";"20:06:38";"F";"131";"312";"548";"0";"0.431";"0.0"
"2022-06-17 20:06:42.000";"2546002";"2022-06-17";"20:06:42";"F";"132";"285";"578";"0";"0.507";"0.0"
"2022-06-17 20:06:46.000";"2550002";"2022-06-17";"20:06:46";"F";"133";"358";"723";"0";"0.505";"0.0"
"2022-06-17 20:06:51.000";"2555002";"2022-06-17";"20:06:51";"F";"134";"521";"923";"0";"0.436";"0.0"
"2022-06-17 20:06:57.000";"2561002";"2022-06-17";"20:06:57";"F";"135";"155";"260";"0";"0.404";"0.0"
"2022-06-17 20:07:05.000";"2569002";"2022-06-17";"20:07:05";"F";"136";"81";"175";"0";"0.537";"0.0"
"2022-06-17 20:07:10.000";"2574002";"2022-06-17";"20:07:10";"F";"137";"134";"303";"0";"0.558";"0.0"
"2022-06-17 20:07:14.000";"2578002";"2022-06-17";"20:07:14";"F";"138";"219";"524";"0";"0.582";"0.0"
"2022-06-17 20:07:18.000";"2582002";"2022-06-17";"20:07:18";"F";"139";"482";"1118";"0";"0.569";"0.0"
"2022-06-17 20:11:29.000";"2833002";"2022-06-17";"20:11:29";"F";"140";"106";"139";"0";"0.237";"0.0"
"2022-06-17 20:11:34.000";"2838002";"2022-06-17";"20:11:34";"F";"141";"41";"67";"0";"0.388";"0.0"
"2022-06-17 20:11:38.000";"2842002";"2022-06-17";"20:11:38";"F";"142";"370";"452";"0";"0.181";"0.0"
"2022-06-17 20:11:41.000";"2845002";"2022-06-17";"20:11:41";"F";"143";"377";"496";"0";"0.240";"0.0"
"2022-06-17 20:11:44.000";"2848002";"2022-06-17";"20:11:44";"F";"144";"579";"815";"0";"0.290";"0.0"
"2022-06-17 20:11:47.000";"2851002";"2022-06-17";"20:11:47";"F";"145";"407";"733";"0";"0.445";"0.0"
"2022-06-17 20:11:52.000";"2856002";"2022-06-17";"20:11:52";"F";"146";"309";"402";"0";"0.231";"0.0"
"2022-06-17 20:11:55.000";"2859002";"2022-06-17";"20:11:55";"F";"147";"226";"343";"0";"0.341";"0.0"
"2022-06-17 20:11:59.000";"2863002";"2022-06-17";"20:11:59";"F";"148";"154";"190";"0";"0.189";"0.0"
"2022-06-17 20:12:02.000";"2866002";"2022-06-17";"20:12:02";"F";"149";"344";"497";"0";"0.308";"0.0"
"2022-06-17 20:12:06.000";"2870002";"2022-06-17";"20:12:06";"F";"150";"309";"510";"0";"0.394";"0.0"
"2022-06-17 20:12:10.000";"2874002";"2022-06-17";"20:12:10";"F";"151";"244";"321";"0";"0.240";"0.0"
"2022-06-17 20:12:19.000";"2883002";"2022-06-17";"20:12:19";"F";"152";"415";"733";"0";"0.434";"0.0"
"2022-06-17 20:12:23.000";"2887002";"2022-06-17";"20:12:23";"F";"153";"293";"480";"0";"0.390";"0.0"
"2022-06-17 20:14:36.000";"3020002";"2022-06-17";"20:14:36";"F";"154";"325";"587";"0";"0.446";"0.0"
"2022-06-17 20:14:41.000";"3025002";"2022-06-17";"20:14:41";"F";"155";"239";"556";"0";"0.570";"0.0"
"2022-06-17 20:14:44.000";"3028002";"2022-06-17";"20:14:44";"F";"156";"263";"407";"0";"0.354";"0.0"
"2022-06-17 20:14:53.000";"3037002";"2022-06-17";"20:14:53";"F";"157";"88";"142";"0";"0.380";"0.0"
"2022-06-17 20:14:57.000";"3041002";"2022-06-17";"20:14:57";"F";"158";"367";"627";"0";"0.415";"0.0"
"2022-06-17 20:15:00.000";"3044002";"2022-06-17";"20:15:00";"F";"159";"214";"413";"0";"0.482";"0.0"
"2022-06-17 20:15:04.000";"3048002";"2022-06-17";"20:15:04";"F";"160";"245";"509";"0";"0.519";"0.0"
"2022-06-17 20:15:08.000";"3052002";"2022-06-17";"20:15:08";"F";"161";"261";"576";"0";"0.547";"0.0"
"2022-06-17 20:15:17.000";"3061002";"2022-06-17";"20:15:17";"F";"162";"55";"93";"0";"0.409";"0.0"
"2022-06-17 20:15:23.000";"3067002";"2022-06-17";"20:15:23";"F";"163";"145";"331";"0";"0.562";"0.0"
"2022-06-17 20:15:32.000";"3076002";"2022-06-17";"20:15:32";"F";"164";"42";"61";"0";"0.311";"0.0"
"2022-06-17 20:15:42.000";"3086002";"2022-06-17";"20:15:42";"F";"165";"344";"608";"0";"0.434";"0.0"
"2022-06-17 20:15:55.000";"3099002";"2022-06-17";"20:15:55";"F";"166";"125";"168";"0";"0.256";"0.0"
"2022-06-17 20:17:29.998";"3194000";"2022-06-17";"20:17:29";"C";"";"MI=8;SI=8;SW=0.8;AI=5;AW=0:30;AF=1.00;G=8;D=2;EF=0.84;FO=64;CW=0:30;CI=1;LW=0:10;LI=3;ID=0:40;IW=0:20;DO0.0;DG1.00;LO=0;LG=1.00 ";""
"2022-06-17 20:17:30.000";"3194002";"2022-06-17";"20:17:30";"F";"168";"0";"8";"0";"-";"-"
"2022-06-17 20:17:43.000";"3207002";"2022-06-17";"20:17:43";"F";"169";"595";"1012";"0";"0.412";"0.0"
"2022-06-17 20:17:47.000";"3211002";"2022-06-17";"20:17:47";"F";"170";"323";"828";"0";"0.610";"0.0"
"2022-06-17 20:17:51.000";"3215002";"2022-06-17";"20:17:51";"F";"171";"424";"625";"0";"0.322";"0.0"
"2022-06-17 20:17:54.000";"3218002";"2022-06-17";"20:17:54";"F";"172";"497";"786";"0";"0.368";"0.0"
"2022-06-17 20:18:02.000";"3226002";"2022-06-17";"20:18:02";"F";"173";"156";"239";"0";"0.347";"0.0"
"2022-06-17 20:18:06.000";"3230002";"2022-06-17";"20:18:06";"F";"174";"436";"741";"0";"0.412";"0.0"
"2022-06-17 20:18:21.000";"3245002";"2022-06-17";"20:18:21";"F";"175";"387";"800";"0";"0.516";"0.0"
"2022-06-17 20:18:26.000";"3250002";"2022-06-17";"20:18:26";"F";"176";"639";"1155";"0";"0.447";"0.0"
"2022-06-17 20:18:35.000";"3259002";"2022-06-17";"20:18:35";"F";"177";"617";"921";"0";"0.330";"0.0"
"2022-06-17 20:18:39.000";"3263002";"2022-06-17";"20:18:39";"F";"178";"419";"656";"0";"0.361";"0.0"
"2022-06-17 20:18:47.000";"3271002";"2022-06-17";"20:18:47";"F";"179";"435";"716";"0";"0.392";"0.0"
"2022-06-17 20:18:51.000";"3275002";"2022-06-17";"20:18:51";"F";"180";"186";"245";"0";"0.241";"0.0"
"2022-06-17 20:18:59.000";"3283002";"2022-06-17";"20:18:59";"F";"181";"543";"1622";"0";"0.665";"0.0"
"2022-06-17 20:19:03.000";"3287002";"2022-06-17";"20:19:03";"F";"182";"460";"1171";"0";"0.607";"0.0"
"2022-06-17 20:19:10.000";"3294002";"2022-06-17";"20:19:10";"F";"183";"334";"676";"0";"0.506";"0.0"
"2022-06-17 20:19:14.000";"3298002";"2022-06-17";"20:19:14";"F";"184";"599";"970";"0";"0.382";"0.0"
"2022-06-17 20:20:54.000";"3398002";"2022-06-17";"20:20:54";"F";"185";"575";"1782";"0";"0.677";"0.0"
"2022-06-17 20:20:58.000";"3402002";"2022-06-17";"20:20:58";"F";"186";"362";"1164";"0";"0.689";"0.0"
"2022-06-17 20:21:01.000";"3405002";"2022-06-17";"20:21:01";"F";"187";"55";"65";"0";"0.154";"0.0"
"2022-06-17 20:21:44.000";"3448002";"2022-06-17";"20:21:44";"F";"188";"570";"1713";"0";"0.667";"0.0"
"2022-06-17 20:21:49.000";"3453002";"2022-06-17";"20:21:49";"F";"189";"450";"1471";"0";"0.694";"0.0"
"2022-06-17 20:21:58.000";"3462002";"2022-06-17";"20:21:58";"F";"190";"181";"533";"0";"0.660";"0.0"
"2022-06-17 20:22:02.000";"3466002";"2022-06-17";"20:22:02";"F";"191";"455";"1285";"0";"0.646";"0.0"
"2022-06-17 20:22:07.000";"3471002";"2022-06-17";"20:22:07";"F";"192";"328";"819";"0";"0.600";"0.0"
"2022-06-17 20:22:10.000";"3474002";"2022-06-17";"20:22:10";"F";"193";"552";"1270";"0";"0.565";"0.0"
"2022-06-17 20:22:13.000";"3477002";"2022-06-17";"20:22:13";"F";"194";"248";"653";"0";"0.620";"0.0"
"2022-06-17 20:22:17.000";"3481002";"2022-06-17";"20:22:17";"F";"195";"87";"241";"0";"0.639";"0.0"
"2022-06-17 20:22:27.000";"3491002";"2022-06-17";"20:22:27";"F";"196";"93";"255";"0";"0.635";"0.0"
"2022-06-17 20:22:32.000";"3496002";"2022-06-17";"20:22:32";"F";"197";"249";"627";"0";"0.603";"0.0"
"2022-06-17 20:22:44.000";"3508002";"2022-06-17";"20:22:44";"F";"198";"416";"1321";"0";"0.685";"0.0"
"2022-06-17 20:22:49.000";"3513002";"2022-06-17";"20:22:49";"F";"199";"522";"1630";"0";"0.680";"0.0"
"2022-06-17 20:22:56.000";"3520002";"2022-06-17";"20:22:56";"F";"200";"516";"1667";"0";"0.690";"0.0"
"2022-06-17 20:23:01.000";"3525002";"2022-06-17";"20:23:01";"F";"201";"635";"2015";"0";"0.685";"0.0"
"2022-06-17 20:23:54.000";"3578002";"2022-06-17";"20:23:54";"F";"202";"497";"819";"0";"0.393";"0.0"
"2022-06-17 20:24:02.000";"3586002";"2022-06-17";"20:24:02";"F";"203";"420";"754";"0";"0.443";"0.0"
"2022-06-17 20:24:10.000";"3594002";"2022-06-17";"20:24:10";"F";"204";"599";"881";"0";"0.320";"0.0"
"2022-06-17 20:24:15.000";"3599002";"2022-06-17";"20:24:15";"F";"205";"560";"920";"0";"0.391";"0.0"
"2022-06-17 20:24:23.000";"3607002";"2022-06-17";"20:24:23";"F";"206";"329";"598";"0";"0.450";"0.0"
"2022-06-17 20:24:28.000";"3612002";"2022-06-17";"20:24:28";"F";"207";"552";"873";"0";"0.368";"0.0"
"2022-06-17 20:24:36.000";"3620002";"2022-06-17";"20:24:36";"F";"208";"360";"729";"0";"0.506";"0.0"
"2022-06-17 20:24:40.000";"3624002";"2022-06-17";"20:24:40";"F";"209";"345";"692";"0";"0.501";"0.0"
"2022-06-17 20:24:50.000";"3634002";"2022-06-17";"20:24:50";"F";"210";"368";"563";"0";"0.346";"0.0"
"2022-06-17 20:24:54.000";"3638002";"2022-06-17";"20:24:54";"F";"211";"500";"801";"0";"0.376";"0.0"
"2022-06-17 20:25:05.000";"3649002";"2022-06-17";"20:25:05";"F";"212";"371";"564";"0";"0.342";"0.0"
"2022-06-17 20:25:10.000";"3654002";"2022-06-17";"20:25:10";"F";"213";"661";"900";"0";"0.266";"0.0"
"2022-06-17 20:25:20.000";"3664002";"2022-06-17";"20:25:20";"F";"214";"342";"647";"0";"0.471";"0.0"
"2022-06-17 20:25:24.000";"3668002";"2022-06-17";"20:25:24";"F";"215";"646";"976";"0";"0.338";"0.0"
"2022-06-17 20:25:53.000";"3697002";"2022-06-17";"20:25:53";"F";"216";"0";"2";"0";"-";"-"
"2022-06-17 20:26:18.000";"3722002";"2022-06-17";"20:26:18";"F";"217";"421";"1235";"0";"0.659";"0.0"
"2022-06-17 20:26:22.000";"3726002";"2022-06-17";"20:26:22";"F";"218";"264";"911";"0";"0.710";"0.0"
"2022-06-17 20:26:38.000";"3742002";"2022-06-17";"20:26:38";"F";"219";"97";"167";"0";"0.419";"0.0"
"2022-06-17 20:26:43.000";"3747002";"2022-06-17";"20:26:43";"F";"220";"84";"162";"0";"0.481";"0.0"
"2022-06-17 20:27:51.000";"3815002";"2022-06-17";"20:27:51";"F";"221";"347";"996";"0";"0.652";"0.0"
"2022-06-17 20:27:55.000";"3819002";"2022-06-17";"20:27:55";"F";"222";"453";"1313";"0";"0.655";"0.0"
"2022-06-17 20:28:02.000";"3826002";"2022-06-17";"20:28:02";"F";"223";"509";"1323";"0";"0.615";"0.0"
"2022-06-17 20:28:08.000";"3832002";"2022-06-17";"20:28:08";"F";"224";"399";"1154";"0";"0.654";"0.0"
"2022-06-17 20:28:16.000";"3840002";"2022-06-17";"20:28:16";"F";"225";"413";"1051";"0";"0.607";"0.0"
"2022-06-17 20:28:20.000";"3844002";"2022-06-17";"20:28:20";"F";"226";"393";"1017";"0";"0.614";"0.0"
"2022-06-17 20:28:30.000";"3854002";"2022-06-17";"20:28:30";"F";"227";"244";"432";"0";"0.435";"0.0"
"2022-06-17 20:28:34.000";"3858002";"2022-06-17";"20:28:34";"F";"228";"301";"692";"0";"0.565";"0.0"
"2022-06-17 20:28:56.000";"3880002";"2022-06-17";"20:28:56";"F";"229";"0";"5";"0";"-";"-"
"2022-06-17 20:29:24.000";"3908002";"2022-06-17";"20:29:24";"F";"230";"503";"1293";"0";"0.611";"0.0"
"2022-06-17 20:29:29.000";"3913002";"2022-06-17";"20:29:29";"F";"231";"565";"1628";"0";"0.653";"0.0"
"2022-06-17 20:29:32.000";"3916002";"2022-06-17";"20:29:32";"F";"232";"374";"849";"0";"0.559";"0.0"
"2022-06-17 20:29:35.000";"3919002";"2022-06-17";"20:29:35";"F";"233";"720";"1536";"0";"0.531";"0.0"
"2022-06-17 20:29:39.000";"3923002";"2022-06-17";"20:29:39";"F";"234";"308";"718";"0";"0.571";"0.0"
"2022-06-17 20:29:44.000";"3928002";"2022-06-17";"20:29:44";"F";"235";"458";"1157";"0";"0.604";"0.0"
"2022-06-17 20:29:49.000";"3933002";"2022-06-17";"20:29:49";"F";"236";"316";"665";"0";"0.525";"0.0"
"2022-06-17 20:29:53.000";"3937002";"2022-06-17";"20:29:53";"F";"237";"472";"843";"0";"0.440";"0.0"
"2022-06-17 20:29:59.000";"3943002";"2022-06-17";"20:29:59";"F";"238";"115";"316";"0";"0.636";"0.0"
"2022-06-17 20:30:04.000";"3948002";"2022-06-17";"20:30:04";"F";"239";"231";"484";"0";"0.523";"0.0"
"2022-06-17 20:30:12.000";"3956002";"2022-06-17";"20:30:12";"F";"240";"444";"1020";"0";"0.565";"0.0"
"2022-06-17 20:30:16.000";"3960002";"2022-06-17";"20:30:16";"F";"241";"431";"903";"0";"0.523";"0.0"
"2022-06-17 20:30:23.000";"3967002";"2022-06-17";"20:30:23";"F";"242";"267";"781";"0";"0.658";"0.0"
"2022-06-17 20:30:29.000";"3973002";"2022-06-17";"20:30:29";"F";"243";"350";"934";"0";"0.625";"0.0"
"2022-06-17 20:30:36.000";"3980002";"2022-06-17";"20:30:36";"F";"244";"421";"1305";"0";"0.677";"0.0"
"2022-06-17 20:30:40.000";"3984002";"2022-06-17";"20:30:40";"F";"245";"715";"1560";"0";"0.542";"0.0"
"2022-06-17 20:31:04.000";"4008002";"2022-06-17";"20:31:04";"F";"246";"472";"1697";"0";"0.722";"0.0"
"2022-06-17 20:31:07.000";"4011002";"2022-06-17";"20:31:07";"F";"247";"412";"1409";"0";"0.708";"0.0"
"2022-06-17 20:31:15.000";"4019002";"2022-06-17";"20:31:15";"F";"248";"393";"1203";"0";"0.673";"0.0"
"2022-06-17 20:31:19.000";"4023002";"2022-06-17";"20:31:19";"F";"249";"434";"1384";"0";"0.686";"0.0"
"2022-06-17 20:31:27.000";"4031002";"2022-06-17";"20:31:27";"F";"250";"534";"1614";"0";"0.669";"0.0"
"2022-06-17 20:31:31.000";"4035002";"2022-06-17";"20:31:31";"F";"251";"311";"1088";"0";"0.714";"0.0"
"2022-06-17 20:31:44.000";"4048002";"2022-06-17";"20:31:44";"F";"252";"230";"890";"0";"0.742";"0.0"
"2022-06-17 20:31:47.000";"4051002";"2022-06-17";"20:31:47";"F";"253";"504";"1447";"0";"0.652";"0.0"
"2022-06-17 20:31:54.000";"4058002";"2022-06-17";"20:31:54";"F";"254";"331";"1042";"0";"0.682";"0.0"
"2022-06-17 20:31:58.000";"4062002";"2022-06-17";"20:31:58";"F";"255";"272";"936";"0";"0.709";"0.0"
"2022-06-17 20:32:07.000";"4071002";"2022-06-17";"20:32:07";"F";"256";"452";"1618";"0";"0.721";"0.0"
"2022-06-17 20:32:11.000";"4075002";"2022-06-17";"20:32:11";"F";"257";"380";"1200";"0";"0.683";"0.0"
"2022-06-17 20:32:19.000";"4083002";"2022-06-17";"20:32:19";"F";"258";"347";"1187";"0";"0.708";"0.0"
"2022-06-17 20:32:22.000";"4086002";"2022-06-17";"20:32:22";"F";"259";"414";"1472";"0";"0.719";"0.0"
"2022-06-17 20:32:32.000";"4096002";"2022-06-17";"20:32:32";"F";"260";"299";"985";"0";"0.696";"0.0"
"2022-06-17 20:32:36.000";"4100002";"2022-06-17";"20:32:36";"F";"261";"294";"1009";"0";"0.709";"0.0"
"2022-06-17 20:33:06.000";"4130002";"2022-06-17";"20:33:06";"F";"262";"352";"1053";"0";"0.666";"0.0"
"2022-06-17 20:33:11.000";"4135002";"2022-06-17";"20:33:11";"F";"263";"485";"1536";"0";"0.684";"0.0"
"2022-06-17 20:33:20.000";"4144002";"2022-06-17";"20:33:20";"F";"264";"309";"745";"0";"0.585";"0.0"
"2022-06-17 20:33:23.000";"4147002";"2022-06-17";"20:33:23";"F";"265";"340";"978";"0";"0.652";"0.0"
"2022-06-17 20:33:36.000";"4160002";"2022-06-17";"20:33:36";"F";"266";"197";"660";"0";"0.702";"0.0"
"2022-06-17 20:33:40.000";"4164002";"2022-06-17";"20:33:40";"F";"267";"342";"995";"0";"0.656";"0.0"
"2022-06-17 20:33:48.000";"4172002";"2022-06-17";"20:33:48";"F";"268";"436";"1470";"0";"0.703";"0.0"
"2022-06-17 20:33:53.000";"4177002";"2022-06-17";"20:33:53";"F";"269";"413";"1466";"0";"0.718";"0.0"
"2022-06-17 20:34:00.000";"4184002";"2022-06-17";"20:34:00";"F";"270";"346";"1202";"0";"0.712";"0.0"
"2022-06-17 20:34:03.000";"4187002";"2022-06-17";"20:34:03";"F";"271";"444";"1408";"0";"0.685";"0.0"
"2022-06-17 20:34:41.000";"4225002";"2022-06-17";"20:34:41";"F";"272";"531";"1247";"0";"0.574";"0.0"
"2022-06-17 20:34:45.000";"4229002";"2022-06-17";"20:34:45";"F";"273";"474";"1375";"0";"0.655";"0.0"
"2022-06-17 20:34:52.000";"4236002";"2022-06-17";"20:34:52";"F";"274";"414";"719";"0";"0.424";"0.0"
"2022-06-17 20:34:55.000";"4239002";"2022-06-17";"20:34:55";"F";"275";"466";"819";"0";"0.431";"0.0"
"2022-06-17 20:35:04.000";"4248002";"2022-06-17";"20:35:04";"F";"276";"609";"1157";"0";"0.474";"0.0"
"2022-06-17 20:35:08.000";"4252002";"2022-06-17";"20:35:08";"F";"277";"653";"1131";"0";"0.423";"0.0"
"2022-06-17 20:35:17.000";"4261002";"2022-06-17";"20:35:17";"F";"278";"421";"999";"0";"0.579";"0.0"
"2022-06-17 20:35:20.000";"4264002";"2022-06-17";"20:35:20";"F";"279";"521";"1164";"0";"0.552";"0.0"
"2022-06-17 20:35:27.000";"4271002";"2022-06-17";"20:35:27";"F";"280";"498";"1084";"0";"0.541";"0.0"
"2022-06-17 20:35:31.000";"4275002";"2022-06-17";"20:35:31";"F";"281";"551";"1364";"0";"0.596";"0.0"
"2022-06-17 20:35:40.000";"4284002";"2022-06-17";"20:35:40";"F";"282";"308";"762";"0";"0.596";"0.0"
"2022-06-17 20:35:44.000";"4288002";"2022-06-17";"20:35:44";"F";"283";"306";"864";"0";"0.646";"0.0"
"2022-06-17 20:36:50.000";"4354002";"2022-06-17";"20:36:50";"F";"284";"0";"0";"0";"-";"-"
"2022-06-17 20:39:53.000";"4537002";"2022-06-17";"20:39:53";"F";"285";"252";"612";"0";"0.588";"0.0"
"2022-06-17 20:39:58.000";"4542002";"2022-06-17";"20:39:58";"F";"286";"482";"1317";"0";"0.634";"0.0"
"2022-06-17 20:40:05.000";"4549002";"2022-06-17";"20:40:05";"F";"287";"628";"1552";"0";"0.595";"0.0"
"2022-06-17 20:40:09.000";"4553002";"2022-06-17";"20:40:09";"F";"288";"303";"821";"0";"0.631";"0.0"
"2022-06-17 20:40:18.000";"4562002";"2022-06-17";"20:40:18";"F";"289";"424";"1191";"0";"0.644";"0.0"
"2022-06-17 20:40:22.000";"4566002";"2022-06-17";"20:40:22";"F";"290";"422";"888";"0";"0.525";"0.0"
"2022-06-17 20:40:29.000";"4573002";"2022-06-17";"20:40:29";"F";"291";"435";"1201";"0";"0.638";"0.0"
"2022-06-17 20:40:34.000";"4578002";"2022-06-17";"20:40:34";"F";"292";"241";"575";"0";"0.581";"0.0"
"2022-06-17 20:40:42.000";"4586002";"2022-06-17";"20:40:42";"F";"293";"233";"515";"0";"0.548";"0.0"
"2022-06-17 20:40:45.000";"4589002";"2022-06-17";"20:40:45";"F";"294";"276";"525";"0";"0.474";"0.0"
"2022-06-17 20:40:53.000";"4597002";"2022-06-17";"20:40:53";"F";"295";"530";"1554";"0";"0.659";"0.0"
"2022-06-17 20:40:57.000";"4601002";"2022-06-17";"20:40:57";"F";"296";"329";"677";"0";"0.514";"0.0"
"2022-06-17 20:41:03.000";"4607002";"2022-06-17";"20:41:03";"F";"297";"277";"839";"0";"0.670";"0.0"
"2022-06-17 20:41:06.000";"4610002";"2022-06-17";"20:41:06";"F";"298";"410";"1193";"0";"0.656";"0.0"
"2022-06-17 20:41:12.000";"4616002";"2022-06-17";"20:41:12";"F";"299";"382";"1000";"0";"0.618";"0.0"
"2022-06-17 20:41:16.000";"4620002";"2022-06-17";"20:41:16";"F";"300";"604";"1203";"0";"0.498";"0.0"
"2022-06-17 20:44:01.000";"4785002";"2022-06-17";"20:44:01";"F";"301";"294";"1117";"0";"0.737";"0.0"
"2022-06-17 20:44:06.000";"4790002";"2022-06-17";"20:44:06";"F";"302";"146";"518";"0";"0.718";"0.0"
"2022-06-17 20:44:15.000";"4799002";"2022-06-17";"20:44:15";"F";"303";"598";"2046";"0";"0.708";"0.0"
"2022-06-17 20:44:21.000";"4805002";"2022-06-17";"20:44:21";"F";"304";"498";"1384";"0";"0.640";"0.0"
"2022-06-17 20:44:37.000";"4821002";"2022-06-17";"20:44:37";"F";"305";"427";"1489";"0";"0.713";"0.0"
"2022-06-17 20:44:40.000";"4824002";"2022-06-17";"20:44:40";"F";"306";"327";"1166";"0";"0.720";"0.0"
"2022-06-17 20:44:48.000";"4832002";"2022-06-17";"20:44:48";"F";"307";"426";"1375";"0";"0.690";"0.0"
"2022-06-17 20:44:54.000";"4838002";"2022-06-17";"20:44:54";"F";"308";"233";"734";"0";"0.683";"0.0"
"2022-06-17 20:45:02.000";"4846002";"2022-06-17";"20:45:02";"F";"309";"263";"849";"0";"0.690";"0.0"
"2022-06-17 20:45:08.000";"4852002";"2022-06-17";"20:45:08";"F";"310";"428";"1289";"0";"0.668";"0.0"
"2022-06-17 20:45:22.000";"4866002";"2022-06-17";"20:45:22";"F";"311";"300";"978";"0";"0.693";"0.0"
"2022-06-17 20:45:26.000";"4870002";"2022-06-17";"20:45:26";"F";"312";"312";"888";"0";"0.649";"0.0"
"2022-06-17 20:45:33.000";"4877002";"2022-06-17";"20:45:33";"F";"313";"246";"917";"0";"0.732";"0.0"
"2022-06-17 20:45:36.000";"4880002";"2022-06-17";"20:45:36";"F";"314";"464";"1541";"0";"0.699";"0.0"
"2022-06-17 20:45:47.000";"4891002";"2022-06-17";"20:45:47";"F";"315";"494";"1801";"0";"0.726";"0.0"
"2022-06-17 20:45:55.000";"4899002";"2022-06-17";"20:45:55";"F";"316";"281";"824";"0";"0.659";"0.0"
"2022-06-17 20:48:56.000";"5080002";"2022-06-17";"20:48:56";"F";"317";"327";"914";"0";"0.642";"0.0"
"2022-06-17 20:49:00.000";"5084002";"2022-06-17";"20:49:00";"F";"318";"394";"1120";"0";"0.648";"0.0"
"2022-06-17 20:49:10.000";"5094002";"2022-06-17";"20:49:10";"F";"319";"454";"1233";"0";"0.632";"0.0"
"2022-06-17 20:49:13.000";"5097002";"2022-06-17";"20:49:13";"F";"320";"504";"1311";"0";"0.616";"0.0"
"2022-06-17 20:49:36.000";"5120002";"2022-06-17";"20:49:36";"F";"321";"358";"921";"0";"0.611";"0.0"
"2022-06-17 20:49:40.000";"5124002";"2022-06-17";"20:49:40";"F";"322";"264";"657";"0";"0.598";"0.0"
"2022-06-17 20:49:49.000";"5133002";"2022-06-17";"20:49:49";"F";"323";"235";"538";"0";"0.563";"0.0"
"2022-06-17 20:49:53.000";"5137002";"2022-06-17";"20:49:53";"F";"324";"384";"974";"0";"0.606";"0.0"
"2022-06-17 20:50:00.000";"5144002";"2022-06-17";"20:50:00";"F";"325";"471";"1338";"0";"0.648";"0.0"
"2022-06-17 20:50:03.000";"5147002";"2022-06-17";"20:50:03";"F";"326";"496";"1130";"0";"0.561";"0.0"
"2022-06-17 20:50:15.000";"5159002";"2022-06-17";"20:50:15";"F";"327";"583";"1362";"0";"0.572";"0.0"
"2022-06-17 20:50:20.000";"5164002";"2022-06-17";"20:50:20";"F";"328";"531";"1341";"0";"0.604";"0.0"
"2022-06-17 20:50:30.000";"5174002";"2022-06-17";"20:50:30";"F";"329";"234";"665";"0";"0.648";"0.0"
"2022-06-17 20:50:35.000";"5179002";"2022-06-17";"20:50:35";"F";"330";"357";"839";"0";"0.574";"0.0"
"2022-06-17 20:54:37.000";"5421002";"2022-06-17";"20:54:37";"F";"331";"537";"1640";"0";"0.673";"0.0"
"2022-06-17 20:54:41.000";"5425002";"2022-06-17";"20:54:41";"F";"332";"478";"1390";"0";"0.656";"0.0"
"2022-06-17 20:54:48.000";"5432002";"2022-06-17";"20:54:48";"F";"333";"340";"885";"0";"0.616";"0.0"
"2022-06-17 20:54:52.000";"5436002";"2022-06-17";"20:54:52";"F";"334";"490";"1379";"0";"0.645";"0.0"
"2022-06-17 20:54:58.000";"5442002";"2022-06-17";"20:54:58";"F";"335";"360";"1163";"0";"0.690";"0.0"
"2022-06-17 20:55:02.000";"5446002";"2022-06-17";"20:55:02";"F";"336";"407";"1362";"0";"0.701";"0.0"
"2022-06-17 20:55:12.000";"5456002";"2022-06-17";"20:55:12";"F";"337";"349";"1202";"0";"0.710";"0.0"
"2022-06-17 20:55:20.000";"5464002";"2022-06-17";"20:55:20";"F";"338";"489";"1630";"0";"0.700";"0.0"
"2022-06-17 20:55:28.000";"5472002";"2022-06-17";"20:55:28";"F";"339";"58";"142";"0";"0.592";"0.0"
"2022-06-17 20:55:35.000";"5479002";"2022-06-17";"20:55:35";"F";"340";"294";"870";"0";"0.662";"0.0"
"2022-06-17 20:55:45.000";"5489002";"2022-06-17";"20:55:45";"F";"341";"468";"1679";"0";"0.721";"0.0"
"2022-06-17 20:55:49.000";"5493002";"2022-06-17";"20:55:49";"F";"342";"381";"1259";"0";"0.697";"0.0"
"2022-06-17 21:00:02.000";"5746002";"2022-06-17";"21:00:02";"F";"343";"0";"0";"0";"-";"-"
"2022-06-17 21:07:43.000";"6207002";"2022-06-17";"21:07:43";"F";"344";"336";"1435";"0";"0.766";"0.0"
"2022-06-17 21:07:49.000";"6213002";"2022-06-17";"21:07:49";"F";"345";"337";"1184";"0";"0.715";"0.0"
"2022-06-17 21:07:59.000";"6223002";"2022-06-17";"21:07:59";"F";"346";"395";"1471";"0";"0.731";"0.0"
"2022-06-17 21:08:03.000";"6227002";"2022-06-17";"21:08:03";"F";"347";"589";"2160";"0";"0.727";"0.0"
"2022-06-17 21:08:09.000";"6233002";"2022-06-17";"21:08:09";"F";"348";"459";"1603";"0";"0.714";"0.0"
"2022-06-17 21:08:12.000";"6236002";"2022-06-17";"21:08:12";"F";"349";"370";"1329";"0";"0.722";"0.0"
"2022-06-17 21:08:19.000";"6243002";"2022-06-17";"21:08:19";"F";"350";"513";"1831";"0";"0.720";"0.0"
"2022-06-17 21:08:24.000";"6248002";"2022-06-17";"21:08:24";"F";"351";"282";"1000";"0";"0.718";"0.0"
"2022-06-17 21:08:30.000";"6254002";"2022-06-17";"21:08:30";"F";"352";"290";"899";"0";"0.677";"0.0"
"2022-06-17 21:08:34.000";"6258002";"2022-06-17";"21:08:34";"F";"353";"286";"997";"0";"0.713";"0.0"
"2022-06-17 21:08:40.000";"6264002";"2022-06-17";"21:08:40";"F";"354";"376";"1015";"0";"0.630";"0.0"
"2022-06-17 21:08:45.000";"6269002";"2022-06-17";"21:08:45";"F";"355";"281";"801";"0";"0.649";"0.0"
"2022-06-17 21:08:51.000";"6275002";"2022-06-17";"21:08:51";"F";"356";"474";"1634";"0";"0.710";"0.0"
"2022-06-17 21:08:56.000";"6280002";"2022-06-17";"21:08:56";"F";"357";"366";"1082";"0";"0.662";"0.0"
"2022-06-17 21:09:02.000";"6286002";"2022-06-17";"21:09:02";"F";"358";"441";"1641";"0";"0.731";"0.0"
"2022-06-17 21:09:06.000";"6290002";"2022-06-17";"21:09:06";"F";"359";"536";"1927";"0";"0.722";"0.0"
"2022-06-17 21:11:25.000";"6429002";"2022-06-17";"21:11:25";"F";"360";"277";"1034";"0";"0.732";"0.0"
"2022-06-17 21:11:30.000";"6434002";"2022-06-17";"21:11:30";"F";"361";"492";"1870";"0";"0.737";"0.0"
"2022-06-17 21:11:39.000";"6443002";"2022-06-17";"21:11:39";"F";"362";"641";"2368";"0";"0.729";"0.0"
"2022-06-17 21:11:43.000";"6447002";"2022-06-17";"21:11:43";"F";"363";"216";"1075";"0";"0.799";"0.0"
"2022-06-17 21:12:02.000";"6466002";"2022-06-17";"21:12:02";"F";"364";"155";"260";"0";"0.404";"0.0"
"2022-06-17 21:12:07.000";"6471002";"2022-06-17";"21:12:07";"F";"365";"231";"737";"0";"0.687";"0.0"
"2022-06-17 21:12:16.000";"6480002";"2022-06-17";"21:12:16";"F";"366";"389";"1326";"0";"0.707";"0.0"
"2022-06-17 21:12:20.000";"6484002";"2022-06-17";"21:12:20";"F";"367";"474";"1753";"0";"0.730";"0.0"
"2022-06-17 21:12:29.000";"6493002";"2022-06-17";"21:12:29";"F";"368";"256";"915";"0";"0.720";"0.0"
"2022-06-17 21:12:33.000";"6497002";"2022-06-17";"21:12:33";"F";"369";"390";"1324";"0";"0.705";"0.0"
"2022-06-17 21:12:44.000";"6508002";"2022-06-17";"21:12:44";"F";"370";"250";"899";"0";"0.722";"0.0"
"2022-06-17 21:12:48.000";"6512002";"2022-06-17";"21:12:48";"F";"371";"403";"1404";"0";"0.713";"0.0"
"2022-06-17 21:12:56.000";"6520002";"2022-06-17";"21:12:56";"F";"372";"163";"391";"0";"0.583";"0.0"
"2022-06-17 21:13:00.000";"6524002";"2022-06-17";"21:13:00";"F";"373";"449";"1556";"0";"0.711";"0.0"
"2022-06-17 21:13:08.000";"6532002";"2022-06-17";"21:13:08";"F";"374";"352";"1120";"0";"0.686";"0.0"
"2022-06-17 21:13:13.000";"6537002";"2022-06-17";"21:13:13";"F";"375";"475";"1634";"0";"0.709";"0.0"
"2022-06-17 21:14:10.000";"6594002";"2022-06-17";"21:14:10";"F";"376";"180";"558";"0";"0.677";"0.0"
"2022-06-17 21:14:15.000";"6599002";"2022-06-17";"21:14:15";"F";"377";"147";"539";"0";"0.727";"0.0"
"2022-06-17 21:14:21.000";"6605002";"2022-06-17";"21:14:21";"F";"378";"74";"144";"0";"0.486";"0.0"
"2022-06-17 21:14:25.000";"6609002";"2022-06-17";"21:14:25";"F";"379";"290";"688";"0";"0.578";"0.0"
"2022-06-17 21:14:34.000";"6618002";"2022-06-17";"21:14:34";"F";"380";"324";"932";"0";"0.652";"0.0"
"2022-06-17 21:14:37.000";"6621002";"2022-06-17";"21:14:37";"F";"381";"374";"1222";"0";"0.694";"0.0"
"2022-06-17 21:14:46.000";"6630002";"2022-06-17";"21:14:46";"F";"382";"423";"1205";"0";"0.649";"0.0"
"2022-06-17 21:14:49.000";"6633002";"2022-06-17";"21:14:49";"F";"383";"562";"1651";"0";"0.660";"0.0"
"2022-06-17 21:14:55.000";"6639002";"2022-06-17";"21:14:55";"F";"384";"449";"1519";"0";"0.704";"0.0"
"2022-06-17 21:14:59.000";"6643002";"2022-06-17";"21:14:59";"F";"385";"572";"1836";"0";"0.688";"0.0"
"2022-06-17 21:15:10.000";"6654002";"2022-06-17";"21:15:10";"F";"386";"437";"1276";"0";"0.658";"0.0"
"2022-06-17 21:15:14.000";"6658002";"2022-06-17";"21:15:14";"F";"387";"376";"1096";"0";"0.657";"0.0"
"2022-06-17 21:15:21.000";"6665002";"2022-06-17";"21:15:21";"F";"388";"432";"1454";"0";"0.703";"0.0"
"2022-06-17 21:15:29.000";"6673002";"2022-06-17";"21:15:29";"F";"389";"142";"465";"0";"0.695";"0.0"
"2022-06-17 21:15:57.000";"6701002";"2022-06-17";"21:15:57";"F";"390";"281";"961";"0";"0.708";"0.0"
"2022-06-17 21:16:00.000";"6704002";"2022-06-17";"21:16:00";"F";"391";"426";"1479";"0";"0.712";"0.0"
"2022-06-17 21:16:05.000";"6709002";"2022-06-17";"21:16:05";"F";"392";"364";"1431";"0";"0.746";"0.0"
"2022-06-17 21:16:08.000";"6712002";"2022-06-17";"21:16:08";"F";"393";"403";"1412";"0";"0.715";"0.0"
"2022-06-17 21:16:14.000";"6718002";"2022-06-17";"21:16:14";"F";"394";"337";"1196";"0";"0.718";"0.0"
"2022-06-17 21:16:17.000";"6721002";"2022-06-17";"21:16:17";"F";"395";"408";"1369";"0";"0.702";"0.0"
"2022-06-17 21:16:24.000";"6728002";"2022-06-17";"21:16:24";"F";"396";"422";"1304";"0";"0.676";"0.0"
"2022-06-17 21:16:27.000";"6731002";"2022-06-17";"21:16:27";"F";"397";"320";"1020";"0";"0.686";"0.0"
"2022-06-17 21:16:33.000";"6737002";"2022-06-17";"21:16:33";"F";"398";"492";"1606";"0";"0.694";"0.0"
"2022-06-17 21:16:36.000";"6740002";"2022-06-17";"21:16:36";"F";"399";"358";"1182";"0";"0.697";"0.0"
"2022-06-17 21:16:45.000";"6749002";"2022-06-17";"21:16:45";"F";"400";"199";"692";"0";"0.712";"0.0"
"2022-06-17 21:16:48.000";"6752002";"2022-06-17";"21:16:48";"F";"401";"444";"1409";"0";"0.685";"0.0"
"2022-06-17 21:22:27.000";"7091002";"2022-06-17";"21:22:27";"F";"402";"0";"1";"0";"-";"-"
"2022-06-17 21:22:38.000";"7102002";"2022-06-17";"21:22:38";"F";"403";"365";"1248";"0";"0.708";"0.0"
"2022-06-17 21:22:42.000";"7106002";"2022-06-17";"21:22:42";"F";"404";"252";"803";"0";"0.686";"0.0"
"2022-06-17 21:22:49.000";"7113002";"2022-06-17";"21:22:49";"F";"405";"458";"1493";"0";"0.693";"0.0"
"2022-06-17 21:22:52.000";"7116002";"2022-06-17";"21:22:52";"F";"406";"380";"1112";"0";"0.658";"0.0"
"2022-06-17 21:23:00.000";"7124002";"2022-06-17";"21:23:00";"F";"407";"255";"803";"0";"0.682";"0.0"
"2022-06-17 21:23:03.000";"7127002";"2022-06-17";"21:23:03";"F";"408";"432";"1493";"0";"0.711";"0.0"
"2022-06-17 21:23:12.000";"7136002";"2022-06-17";"21:23:12";"F";"409";"282";"982";"0";"0.713";"0.0"
"2022-06-17 21:23:16.000";"7140002";"2022-06-17";"21:23:16";"F";"410";"490";"1613";"0";"0.696";"0.0"
"2022-06-17 21:23:23.000";"7147002";"2022-06-17";"21:23:23";"F";"411";"542";"1802";"0";"0.699";"0.0"
"2022-06-17 21:23:26.000";"7150002";"2022-06-17";"21:23:26";"F";"412";"603";"1942";"0";"0.689";"0.0"
"2022-06-17 21:23:37.000";"7161002";"2022-06-17";"21:23:37";"F";"413";"262";"711";"0";"0.632";"0.0"
"2022-06-17 21:23:41.000";"7165002";"2022-06-17";"21:23:41";"F";"414";"386";"850";"0";"0.546";"0.0"
"2022-06-17 21:23:48.000";"7172002";"2022-06-17";"21:23:48";"F";"415";"511";"1411";"0";"0.638";"0.0"
"2022-06-17 21:23:52.000";"7176002";"2022-06-17";"21:23:52";"F";"416";"452";"1270";"0";"0.644";"0.0"
"2022-06-17 21:23:59.000";"7183002";"2022-06-17";"21:23:59";"F";"417";"553";"1584";"0";"0.651";"0.0"
"2022-06-17 21:24:03.000";"7187002";"2022-06-17";"21:24:03";"F";"418";"649";"1948";"0";"0.667";"0.0"
"2022-06-17 21:24:58.000";"7242002";"2022-06-17";"21:24:58";"F";"419";"367";"1389";"0";"0.736";"0.0"
"2022-06-17 21:25:00.000";"7244002";"2022-06-17";"21:25:00";"F";"420";"273";"1255";"0";"0.782";"0.0"
"2022-06-17 21:25:04.000";"7248002";"2022-06-17";"21:25:04";"F";"421";"365";"1343";"0";"0.728";"0.0"
"2022-06-17 21:25:06.000";"7250002";"2022-06-17";"21:25:06";"F";"422";"302";"1079";"0";"0.720";"0.0"
"2022-06-17 21:25:09.000";"7253002";"2022-06-17";"21:25:09";"F";"423";"128";"498";"0";"0.743";"0.0"
"2022-06-17 21:25:12.000";"7256002";"2022-06-17";"21:25:12";"F";"424";"362";"1770";"0";"0.795";"0.0"
"2022-06-17 21:25:20.000";"7264002";"2022-06-17";"21:25:20";"F";"425";"236";"885";"0";"0.733";"0.0"
"2022-06-17 21:25:24.000";"7268002";"2022-06-17";"21:25:24";"F";"426";"314";"1137";"0";"0.724";"0.0"
"2022-06-17 21:25:29.000";"7273002";"2022-06-17";"21:25:29";"F";"427";"307";"1160";"0";"0.735";"0.0"
"2022-06-17 21:25:33.000";"7277002";"2022-06-17";"21:25:33";"F";"428";"381";"1348";"0";"0.717";"0.0"
"2022-06-17 21:25:39.000";"7283002";"2022-06-17";"21:25:39";"F";"429";"419";"1476";"0";"0.716";"0.0"
"2022-06-17 21:25:42.000";"7286002";"2022-06-17";"21:25:42";"F";"430";"520";"1737";"0";"0.701";"0.0"
"2022-06-17 21:25:48.000";"7292002";"2022-06-17";"21:25:48";"F";"431";"525";"1890";"0";"0.722";"0.0"
"2022-06-17 21:25:52.000";"7296002";"2022-06-17";"21:25:52";"F";"432";"590";"2079";"0";"0.716";"0.0"
"2022-06-17 21:25:57.000";"7301002";"2022-06-17";"21:25:57";"F";"433";"497";"1886";"0";"0.736";"0.0"
"2022-06-17 21:26:01.000";"7305002";"2022-06-17";"21:26:01";"F";"434";"391";"1384";"0";"0.717";"0.0"
"2022-06-17 21:26:21.000";"7325002";"2022-06-17";"21:26:21";"F";"435";"525";"1692";"0";"0.690";"0.0"
"2022-06-17 21:26:24.000";"7328002";"2022-06-17";"21:26:24";"F";"436";"614";"1983";"0";"0.690";"0.0"
"2022-06-17 21:26:32.000";"7336002";"2022-06-17";"21:26:32";"F";"437";"270";"624";"0";"0.567";"0.0"
"2022-06-17 21:26:35.000";"7339002";"2022-06-17";"21:26:35";"F";"438";"553";"1572";"0";"0.648";"0.0"
"2022-06-17 21:26:42.000";"7346002";"2022-06-17";"21:26:42";"F";"439";"171";"440";"0";"0.611";"0.0"
"2022-06-17 21:26:46.000";"7350002";"2022-06-17";"21:26:46";"F";"440";"334";"868";"0";"0.615";"0.0"
"2022-06-17 21:26:53.000";"7357002";"2022-06-17";"21:26:53";"F";"441";"463";"1301";"0";"0.644";"0.0"
"2022-06-17 21:26:57.000";"7361002";"2022-06-17";"21:26:57";"F";"442";"479";"1122";"0";"0.573";"0.0"
"2022-06-17 21:27:03.000";"7367002";"2022-06-17";"21:27:03";"F";"443";"313";"942";"0";"0.668";"0.0"
"2022-06-17 21:27:06.000";"7370002";"2022-06-17";"21:27:06";"F";"444";"371";"1126";"0";"0.671";"0.0"
"2022-06-17 21:27:16.000";"7380002";"2022-06-17";"21:27:16";"F";"445";"458";"1412";"0";"0.676";"0.0"
"2022-06-17 21:27:19.000";"7383002";"2022-06-17";"21:27:19";"F";"446";"444";"1404";"0";"0.684";"0.0"
"2022-06-17 21:27:47.000";"7411002";"2022-06-17";"21:27:47";"F";"447";"441";"1455";"0";"0.697";"0.0"
"2022-06-17 21:27:52.000";"7416002";"2022-06-17";"21:27:52";"F";"448";"386";"1170";"0";"0.670";"0.0"
"2022-06-17 21:27:59.000";"7423002";"2022-06-17";"21:27:59";"F";"449";"208";"713";"0";"0.708";"0.0"
"2022-06-17 21:28:02.000";"7426002";"2022-06-17";"21:28:02";"F";"450";"293";"905";"0";"0.676";"0.0"
"2022-06-17 21:28:09.000";"7433002";"2022-06-17";"21:28:09";"F";"451";"430";"1489";"0";"0.711";"0.0"
"2022-06-17 21:28:13.000";"7437002";"2022-06-17";"21:28:13";"F";"452";"455";"1566";"0";"0.709";"0.0"
"2022-06-17 21:28:20.000";"7444002";"2022-06-17";"21:28:20";"F";"453";"184";"649";"0";"0.716";"0.0"
"2022-06-17 21:28:24.000";"7448002";"2022-06-17";"21:28:24";"F";"454";"464";"1610";"0";"0.712";"0.0"
"2022-06-17 21:28:31.000";"7455002";"2022-06-17";"21:28:31";"F";"455";"394";"1354";"0";"0.709";"0.0"
"2022-06-17 21:28:34.000";"7458002";"2022-06-17";"21:28:34";"F";"456";"499";"1756";"0";"0.716";"0.0"
"2022-06-17 21:28:43.000";"7467002";"2022-06-17";"21:28:43";"F";"457";"0";"0";"0";"-";"-"
"2022-06-17 21:28:53.000";"7477002";"2022-06-17";"21:28:53";"F";"458";"411";"1275";"0";"0.678";"0.0"
"2022-06-17 21:28:56.000";"7480002";"2022-06-17";"21:28:56";"F";"459";"380";"1951";"0";"0.805";"0.0"
"2022-06-17 21:28:59.000";"7483002";"2022-06-17";"21:28:59";"F";"460";"377";"1157";"0";"0.674";"0.0"
"2022-06-17 21:29:03.000";"7487002";"2022-06-17";"21:29:03";"F";"461";"337";"982";"0";"0.657";"0.0"
"2022-06-17 21:29:11.000";"7495002";"2022-06-17";"21:29:11";"F";"462";"522";"1610";"0";"0.676";"0.0"
"2022-06-17 21:29:15.000";"7499002";"2022-06-17";"21:29:15";"F";"463";"366";"1007";"0";"0.637";"0.0"
"2022-06-17 21:29:21.000";"7505002";"2022-06-17";"21:29:21";"F";"464";"443";"1365";"0";"0.675";"0.0"
"2022-06-17 21:29:25.000";"7509002";"2022-06-17";"21:29:25";"F";"465";"462";"1342";"0";"0.656";"0.0"
"2022-06-17 21:29:34.000";"7518002";"2022-06-17";"21:29:34";"F";"466";"302";"998";"0";"0.697";"0.0"
"2022-06-17 21:29:37.000";"7521002";"2022-06-17";"21:29:37";"F";"467";"531";"1726";"0";"0.692";"0.0"
"2022-06-17 21:29:46.000";"7530002";"2022-06-17";"21:29:46";"F";"468";"518";"1625";"0";"0.681";"0.0"
"2022-06-17 21:29:51.000";"7535002";"2022-06-17";"21:29:51";"F";"469";"533";"1543";"0";"0.655";"0.0"
"2022-06-17 21:29:58.000";"7542002";"2022-06-17";"21:29:58";"F";"470";"411";"1211";"0";"0.661";"0.0"
"2022-06-17 21:30:03.000";"7547002";"2022-06-17";"21:30:03";"F";"471";"256";"814";"0";"0.686";"0.0"
"2022-06-17 21:30:25.000";"7569002";"2022-06-17";"21:30:25";"F";"472";"120";"367";"0";"0.673";"0.0"
"2022-06-17 21:30:28.000";"7572002";"2022-06-17";"21:30:28";"F";"473";"363";"1351";"0";"0.731";"0.0"
"2022-06-17 21:30:35.000";"7579002";"2022-06-17";"21:30:35";"F";"474";"0";"22";"0";"-";"-"
"2022-06-17 21:30:38.000";"7582002";"2022-06-17";"21:30:38";"F";"475";"39";"103";"0";"0.621";"0.0"
"2022-06-17 21:30:45.000";"7589002";"2022-06-17";"21:30:45";"F";"476";"437";"1528";"0";"0.714";"0.0"
"2022-06-17 21:30:48.000";"7592002";"2022-06-17";"21:30:48";"F";"477";"275";"974";"0";"0.718";"0.0"
"2022-06-17 21:30:53.000";"7597002";"2022-06-17";"21:30:53";"F";"478";"371";"1038";"0";"0.643";"0.0"
"2022-06-17 21:30:56.000";"7600002";"2022-06-17";"21:30:56";"F";"479";"383";"1330";"0";"0.712";"0.0"
"2022-06-17 21:31:03.000";"7607002";"2022-06-17";"21:31:03";"F";"480";"271";"1021";"0";"0.735";"0.0"
"2022-06-17 21:31:08.000";"7612002";"2022-06-17";"21:31:08";"F";"481";"395";"1453";"0";"0.728";"0.0"
"2022-06-17 21:31:16.000";"7620002";"2022-06-17";"21:31:16";"F";"482";"210";"729";"0";"0.712";"0.0"
"2022-06-17 21:31:19.000";"7623002";"2022-06-17";"21:31:19";"F";"483";"407";"1541";"0";"0.736";"0.0"
"2022-06-17 21:31:51.000";"7655002";"2022-06-17";"21:31:51";"F";"484";"253";"842";"0";"0.700";"0.0"
"2022-06-17 21:31:54.000";"7658002";"2022-06-17";"21:31:54";"F";"485";"344";"1531";"0";"0.775";"0.0"
"2022-06-17 21:31:58.000";"7662002";"2022-06-17";"21:31:58";"F";"486";"277";"832";"0";"0.667";"0.0"
"2022-06-17 21:32:02.000";"7666002";"2022-06-17";"21:32:02";"F";"487";"313";"967";"0";"0.676";"0.0"
"2022-06-17 21:32:05.000";"7669002";"2022-06-17";"21:32:05";"F";"488";"181";"640";"0";"0.717";"0.0"
"2022-06-17 21:32:10.000";"7674002";"2022-06-17";"21:32:10";"F";"489";"181";"607";"0";"0.702";"0.0"
"2022-06-17 21:32:19.000";"7683002";"2022-06-17";"21:32:19";"F";"490";"518";"1560";"0";"0.668";"0.0"
"2022-06-17 21:32:22.000";"7686002";"2022-06-17";"21:32:22";"F";"491";"442";"1500";"0";"0.705";"0.0"
"2022-06-17 21:32:31.000";"7695002";"2022-06-17";"21:32:31";"F";"492";"348";"1197";"0";"0.709";"0.0"
"2022-06-17 21:32:35.000";"7699002";"2022-06-17";"21:32:35";"F";"493";"665";"2219";"0";"0.700";"0.0"
"2022-06-17 21:32:41.000";"7705002";"2022-06-17";"21:32:41";"F";"494";"99";"246";"0";"0.598";"0.0"
"2022-06-17 21:32:45.000";"7709002";"2022-06-17";"21:32:45";"F";"495";"314";"976";"0";"0.678";"0.0"
"2022-06-17 21:32:57.000";"7721002";"2022-06-17";"21:32:57";"F";"496";"393";"1262";"0";"0.689";"0.0"
"2022-06-17 21:33:01.000";"7725002";"2022-06-17";"21:33:01";"F";"497";"221";"677";"0";"0.674";"0.0"
"2022-06-17 21:33:10.000";"7734002";"2022-06-17";"21:33:10";"F";"498";"369";"1314";"0";"0.719";"0.0"
"2022-06-17 21:33:14.000";"7738002";"2022-06-17";"21:33:14";"F";"499";"498";"1694";"0";"0.706";"0.0"
"2022-06-17 21:33:26.000";"7750002";"2022-06-17";"21:33:26";"F";"500";"124";"543";"0";"0.772";"0.0"
"2022-06-17 21:33:30.000";"7754002";"2022-06-17";"21:33:30";"F";"501";"273";"1030";"0";"0.735";"0.0"
"2022-06-17 21:33:33.000";"7757002";"2022-06-17";"21:33:33";"F";"502";"300";"1021";"0";"0.706";"0.0"
"2022-06-17 21:33:40.000";"7764002";"2022-06-17";"21:33:40";"F";"503";"298";"1053";"0";"0.717";"0.0"
"2022-06-17 21:33:45.000";"7769002";"2022-06-17";"21:33:45";"F";"504";"131";"493";"0";"0.734";"0.0"
"2022-06-17 21:33:48.000";"7772002";"2022-06-17";"21:33:48";"F";"505";"228";"855";"0";"0.733";"0.0"
"2022-06-17 21:33:57.000";"7781002";"2022-06-17";"21:33:57";"F";"506";"478";"1768";"0";"0.730";"0.0"
"2022-06-17 21:34:00.000";"7784002";"2022-06-17";"21:34:00";"F";"507";"480";"1798";"0";"0.733";"0.0"
"2022-06-17 21:34:06.000";"7790002";"2022-06-17";"21:34:06";"F";"508";"326";"1148";"0";"0.716";"0.0"
"2022-06-17 21:34:09.000";"7793002";"2022-06-17";"21:34:09";"F";"509";"294";"994";"0";"0.704";"0.0"
"2022-06-17 21:34:17.000";"7801002";"2022-06-17";"21:34:17";"F";"510";"24";"68";"0";"0.647";"0.0"
"2022-06-17 21:34:20.000";"7804002";"2022-06-17";"21:34:20";"F";"511";"51";"97";"0";"0.474";"0.0"
"2022-06-17 21:34:26.000";"7810002";"2022-06-17";"21:34:26";"F";"512";"330";"1145";"0";"0.712";"0.0"
"2022-06-17 21:34:31.000";"7815002";"2022-06-17";"21:34:31";"F";"513";"270";"835";"0";"0.677";"0.0"
"2022-06-17 21:34:38.000";"7822002";"2022-06-17";"21:34:38";"F";"514";"302";"1158";"0";"0.739";"0.0"
"2022-06-17 21:34:42.000";"7826002";"2022-06-17";"21:34:42";"F";"515";"413";"1504";"0";"0.725";"0.0"
"2022-06-17 22:30:52.000";"11196002";"2022-06-17";"22:30:52";"F";"516";"0";"1";"1";"-";"-"
